{"is_source_file": false, "format": "", "description": "", "external_files": [], "external_methods": [], "published": [], "classes": [], "methods": [], "calls": [], "search-terms": [], "state": 2, "file_id": 9, "knowledge_revision": 26, "git_revision": "a8cb1fad19f12549799b468c7fc7bb2c61ead77e", "hash": "2d67471dc77ff4002aa91f1665f61b8c", "format-version": 4, "code-base-name": "frontend_react_js", "filename": "frontend_react_js/src/App.css", "revision_history": [{"26": "a8cb1fad19f12549799b468c7fc7bb2c61ead77e"}]}