{"is_source_file": false, "format": "", "description": "", "external_files": [], "external_methods": [], "published": [], "classes": [], "methods": [], "calls": [], "search-terms": [], "state": 2, "file_id": 11, "knowledge_revision": 27, "git_revision": "a8cb1fad19f12549799b468c7fc7bb2c61ead77e", "hash": "d7fcb562c072041694766c63f7167ad1", "format-version": 4, "code-base-name": "frontend_react_js", "filename": "frontend_react_js/src/index.css", "revision_history": [{"27": "a8cb1fad19f12549799b468c7fc7bb2c61ead77e"}]}