{"is_source_file": false, "format": "", "description": "", "external_files": [], "external_methods": [], "published": [], "classes": [], "methods": [], "calls": [], "search-terms": [], "state": 2, "file_id": 12, "knowledge_revision": 15, "git_revision": "a8cb1fad19f12549799b468c7fc7bb2c61ead77e", "hash": "be6538e7523bc2e9da0743133d784136", "format-version": 4, "code-base-name": "frontend_react_js", "filename": "frontend_react_js/eslint.config.mjs", "revision_history": [{"15": "a8cb1fad19f12549799b468c7fc7bb2c61ead77e"}]}