{"is_source_file": false, "format": "", "description": "", "external_files": [], "external_methods": [], "published": [], "classes": [], "methods": [], "calls": [], "search-terms": [], "state": 2, "file_id": 10, "knowledge_revision": 22, "git_revision": "a8cb1fad19f12549799b468c7fc7bb2c61ead77e", "ctags": [], "hash": "1a77571e1a8cf36018a41bcedf60db75", "format-version": 4, "code-base-name": "frontend_react_js", "filename": "frontend_react_js/src/setupTests.js", "revision_history": [{"22": "a8cb1fad19f12549799b468c7fc7bb2c61ead77e"}]}