{"is_source_file": true, "format": "JavaScript (React.js)", "description": "This is a React frontend source file for the Stock Market Insights Platform, implementing the Stock Check v1.2 model. It manages UI components, handles data fetching from external APIs (Alpha Vantage), generates mock data for testing, and displays model parameters and results.", "external_files": ["./marketData/alphaVantage"], "external_methods": ["fetchCurrentPriceAlphaVantage", "fetchDailyHistoryAlphaVantage", "LiveDataError", "hasAlphaVantageApiKey"], "published": ["App"], "classes": [], "methods": [{"name": "runModel", "description": "Handles executing the model scan, either in MOCK mode via data generation or in LIVE mode by fetching real-time data from Alpha Vantage, managing application state accordingly."}, {"name": "generateMockResults({ seed, universeSize })", "description": "Generates a deterministic mock universe of stock data, ranks them, appends Intel (INTC), and evaluates trade signals for MOCK mode.", "scope": "", "scopeKind": ""}, {"name": "computePredicted1DayGrowthPct(rng)", "description": "Calculates a mock predicted 1-day growth percentage based on weighted factors for mock data simulation.", "scope": "", "scopeKind": ""}, {"name": "App()", "scope": "", "scopeKind": "", "description": "unavailable"}, {"name": "clamp(n, min, max)", "scope": "", "scopeKind": "", "description": "unavailable"}, {"name": "computeTrailingReturnPctFromDailyCloses(history, tradingDays)", "scope": "", "scopeKind": "", "description": "unavailable"}, {"name": "drawReturnPct(rng, horizon)", "scope": "", "scopeKind": "", "description": "unavailable"}, {"name": "formatMoney(n)", "scope": "", "scopeKind": "", "description": "unavailable"}, {"name": "formatPct(n)", "scope": "", "scopeKind": "", "description": "unavailable"}, {"name": "makeTickerFromIndex(i)", "scope": "", "scopeKind": "", "description": "unavailable"}, {"name": "mulberry32(seed)", "scope": "", "scopeKind": "", "description": "unavailable"}, {"name": "next()", "scope": "mulberry32", "scopeKind": "function", "description": "unavailable"}, {"name": "pctChange(from, to)", "scope": "", "scopeKind": "", "description": "unavailable"}, {"name": "pick(rng, arr)", "scope": "", "scopeKind": "", "description": "unavailable"}, {"name": "randBetween(rng, min, max)", "scope": "", "scopeKind": "", "description": "unavailable"}, {"name": "requireHistoryPoints(history, requiredCount, label)", "scope": "", "scopeKind": "", "description": "unavailable"}, {"name": "round2(n)", "scope": "", "scopeKind": "", "description": "unavailable"}, {"name": "zToUnit(z)", "scope": "", "scopeKind": "", "description": "unavailable"}], "calls": ["fetchCurrentPriceAlphaVantage", "fetchDailyHistoryAlphaVantage", "generateMockResults", "computePredicted1DayGrowthPct", "hasAlphaVantageApiKey"], "search-terms": ["React App", "Stock Check", "43-Factor Model Frontend", "Alpha Vantage data fetching", "Mock data generator", "Stock market UI"], "state": 2, "file_id": 8, "knowledge_revision": 36, "git_revision": "07b9b2256a44b6c70564865e1c2d130e9f79515a", "revision_history": [{"25": "a8cb1fad19f12549799b468c7fc7bb2c61ead77e"}, {"33": "cbd028301669f3c9bda6f06ceb22153e06e00098"}, {"36": "07b9b2256a44b6c70564865e1c2d130e9f79515a"}], "ctags": [{"_type": "tag", "name": "App", "path": "/home/kavia/workspace/code-generation/stock-market-insights-platform-239616-239628/frontend_react_js/src/App.js", "pattern": "/^function App() {$/", "language": "JavaScript", "kind": "function", "signature": "()"}, {"_type": "tag", "name": "CANONICAL_COLUMNS", "path": "/home/kavia/workspace/code-generation/stock-market-insights-platform-239616-239628/frontend_react_js/src/App.js", "pattern": "/^const CANONICAL_COLUMNS = [$/", "language": "JavaScript", "kind": "constant"}, {"_type": "tag", "name": "FACTORS", "path": "/home/kavia/workspace/code-generation/stock-market-insights-platform-239616-239628/frontend_react_js/src/App.js", "pattern": "/^const FACTORS = [$/", "language": "JavaScript", "kind": "constant"}, {"_type": "tag", "name": "SECTORS", "path": "/home/kavia/workspace/code-generation/stock-market-insights-platform-239616-239628/frontend_react_js/src/App.js", "pattern": "/^const SECTORS = [$/", "language": "JavaScript", "kind": "constant"}, {"_type": "tag", "name": "Switch to ${theme === \"light\" ? \"dark\" : \"light\"} mode", "path": "/home/kavia/workspace/code-generation/stock-market-insights-platform-239616-239628/frontend_react_js/src/App.js", "pattern": "/^            aria-label={`Switch to ${theme === \"light\" ? \"dark\" : \"light\"} mode`}$/", "language": "JavaScript", "kind": "field", "scope": "App.aria", "scopeKind": "class"}, {"_type": "tag", "name": "avg_top10_predicted_growth_pct", "path": "/home/kavia/workspace/code-generation/stock-market-insights-platform-239616-239628/frontend_react_js/src/App.js", "pattern": "/^          avg_top10_predicted_growth_pct: 0,$/", "language": "JavaScript", "kind": "property", "scope": "App.payload.metrics", "scopeKind": "class"}, {"_type": "tag", "name": "clamp", "path": "/home/kavia/workspace/code-generation/stock-market-insights-platform-239616-239628/frontend_react_js/src/App.js", "pattern": "/^function clamp(n, min, max) {$/", "language": "JavaScript", "kind": "function", "signature": "(n, min, max)"}, {"_type": "tag", "name": "companyName", "path": "/home/kavia/workspace/code-generation/stock-market-insights-platform-239616-239628/frontend_react_js/src/App.js", "pattern": "/^    companyName: \"Intel Corporation\",$/", "language": "JavaScript", "kind": "property", "scope": "generateMockResults.intcRow", "scopeKind": "class"}, {"_type": "tag", "name": "computePredicted1DayGrowthPct", "path": "/home/kavia/workspace/code-generation/stock-market-insights-platform-239616-239628/frontend_react_js/src/App.js", "pattern": "/^function computePredicted1DayGrowthPct(rng) {$/", "language": "JavaScript", "kind": "function", "signature": "(rng)"}, {"_type": "tag", "name": "computeTrailingReturnPctFromDailyCloses", "path": "/home/kavia/workspace/code-generation/stock-market-insights-platform-239616-239628/frontend_react_js/src/App.js", "pattern": "/^function computeTrailingReturnPctFromDailyCloses(history, tradingDays) {$/", "language": "JavaScript", "kind": "function", "signature": "(history, tradingDays)"}, {"_type": "tag", "name": "currentPrice", "path": "/home/kavia/workspace/code-generation/stock-market-insights-platform-239616-239628/frontend_react_js/src/App.js", "pattern": "/^    currentPrice: intcCurrentPrice,$/", "language": "JavaScript", "kind": "property", "scope": "generateMockResults.intcRow", "scopeKind": "class"}, {"_type": "tag", "name": "current_date", "path": "/home/kavia/workspace/code-generation/stock-market-insights-platform-239616-239628/frontend_react_js/src/App.js", "pattern": "/^        current_date: new Date().toISOString().slice(0, 10),$/", "language": "JavaScript", "kind": "property", "scope": "App.payload", "scopeKind": "class"}, {"_type": "tag", "name": "dataMode", "path": "/home/kavia/workspace/code-generation/stock-market-insights-platform-239616-239628/frontend_react_js/src/App.js", "pattern": "/^                  value={dataMode}$/", "language": "JavaScript", "kind": "field", "scope": "App.value", "scopeKind": "class"}, {"_type": "tag", "name": "data_mode", "path": "/home/kavia/workspace/code-generation/stock-market-insights-platform-239616-239628/frontend_react_js/src/App.js", "pattern": "/^        data_mode: \"LIVE\",$/", "language": "JavaScript", "kind": "property", "scope": "App.payload", "scopeKind": "class"}, {"_type": "tag", "name": "dispersion_top10_pct", "path": "/home/kavia/workspace/code-generation/stock-market-insights-platform-239616-239628/frontend_react_js/src/App.js", "pattern": "/^          dispersion_top10_pct: 0,$/", "language": "JavaScript", "kind": "property", "scope": "App.payload.metrics", "scopeKind": "class"}, {"_type": "tag", "name": "drawReturnPct", "path": "/home/kavia/workspace/code-generation/stock-market-insights-platform-239616-239628/frontend_react_js/src/App.js", "pattern": "/^function drawReturnPct(rng, horizon) {$/", "language": "JavaScript", "kind": "function", "signature": "(rng, horizon)"}, {"_type": "tag", "name": "formatMoney", "path": "/home/kavia/workspace/code-generation/stock-market-insights-platform-239616-239628/frontend_react_js/src/App.js", "pattern": "/^function formatMoney(n) {$/", "language": "JavaScript", "kind": "function", "signature": "(n)"}, {"_type": "tag", "name": "formatPct", "path": "/home/kavia/workspace/code-generation/stock-market-insights-platform-239616-239628/frontend_react_js/src/App.js", "pattern": "/^function formatPct(n) {$/", "language": "JavaScript", "kind": "function", "signature": "(n)"}, {"_type": "tag", "name": "generateMockResults", "path": "/home/kavia/workspace/code-generation/stock-market-insights-platform-239616-239628/frontend_react_js/src/App.js", "pattern": "/^function generateMockResults({ seed, universeSize }) {$/", "language": "JavaScript", "kind": "function", "signature": "({ seed, universeSize })"}, {"_type": "tag", "name": "intcRow", "path": "/home/kavia/workspace/code-generation/stock-market-insights-platform-239616-239628/frontend_react_js/src/App.js", "pattern": "/^  const intcRow = {$/", "language": "JavaScript", "kind": "class", "scope": "generateMockResults", "scopeKind": "class"}, {"_type": "tag", "name": "makeTickerFromIndex", "path": "/home/kavia/workspace/code-generation/stock-market-insights-platform-239616-239628/frontend_react_js/src/App.js", "pattern": "/^function makeTickerFromIndex(i) {$/", "language": "JavaScript", "kind": "function", "signature": "(i)"}, {"_type": "tag", "name": "max_sector_count_top10", "path": "/home/kavia/workspace/code-generation/stock-market-insights-platform-239616-239628/frontend_react_js/src/App.js", "pattern": "/^          max_sector_count_top10: 0,$/", "language": "JavaScript", "kind": "property", "scope": "App.payload.metrics", "scopeKind": "class"}, {"_type": "tag", "name": "metrics", "path": "/home/kavia/workspace/code-generation/stock-market-insights-platform-239616-239628/frontend_react_js/src/App.js", "pattern": "/^        metrics: {$/", "language": "JavaScript", "kind": "class", "scope": "App.payload", "scopeKind": "class"}, {"_type": "tag", "name": "model_version", "path": "/home/kavia/workspace/code-generation/stock-market-insights-platform-239616-239628/frontend_react_js/src/App.js", "pattern": "/^        model_version: \"Stock Check v1.2\",$/", "language": "JavaScript", "kind": "property", "scope": "App.payload", "scopeKind": "class"}, {"_type": "tag", "name": "mulberry32", "path": "/home/kavia/workspace/code-generation/stock-market-insights-platform-239616-239628/frontend_react_js/src/App.js", "pattern": "/^function mulberry32(seed) {$/", "language": "JavaScript", "kind": "function", "signature": "(seed)"}, {"_type": "tag", "name": "next", "path": "/home/kavia/workspace/code-generation/stock-market-insights-platform-239616-239628/frontend_react_js/src/App.js", "pattern": "/^  return function next() {$/", "language": "JavaScript", "kind": "function", "signature": "()", "scope": "mulberry32", "scopeKind": "function"}, {"_type": "tag", "name": "payload", "path": "/home/kavia/workspace/code-generation/stock-market-insights-platform-239616-239628/frontend_react_js/src/App.js", "pattern": "/^      const payload = {$/", "language": "JavaScript", "kind": "class", "scope": "App", "scopeKind": "class"}, {"_type": "tag", "name": "pctChange", "path": "/home/kavia/workspace/code-generation/stock-market-insights-platform-239616-239628/frontend_react_js/src/App.js", "pattern": "/^function pctChange(from, to) {$/", "language": "JavaScript", "kind": "function", "signature": "(from, to)"}, {"_type": "tag", "name": "pick", "path": "/home/kavia/workspace/code-generation/stock-market-insights-platform-239616-239628/frontend_react_js/src/App.js", "pattern": "/^function pick(rng, arr) {$/", "language": "JavaScript", "kind": "function", "signature": "(rng, arr)"}, {"_type": "tag", "name": "predicted1dGrowthPct", "path": "/home/kavia/workspace/code-generation/stock-market-insights-platform-239616-239628/frontend_react_js/src/App.js", "pattern": "/^    predicted1dGrowthPct: intcPredGrowth,$/", "language": "JavaScript", "kind": "property", "scope": "generateMockResults.intcRow", "scopeKind": "class"}, {"_type": "tag", "name": "predictedPrice", "path": "/home/kavia/workspace/code-generation/stock-market-insights-platform-239616-239628/frontend_react_js/src/App.js", "pattern": "/^    predictedPrice: intcPredPrice,$/", "language": "JavaScript", "kind": "property", "scope": "generateMockResults.intcRow", "scopeKind": "class"}, {"_type": "tag", "name": "prediction_date", "path": "/home/kavia/workspace/code-generation/stock-market-insights-platform-239616-239628/frontend_react_js/src/App.js", "pattern": "/^        prediction_date: new Date(Date.now() + 24 * 60 * 60 * 1000).toISOString().slice(0, 10),$/", "language": "JavaScript", "kind": "property", "scope": "App.payload", "scopeKind": "class"}, {"_type": "tag", "name": "randBetween", "path": "/home/kavia/workspace/code-generation/stock-market-insights-platform-239616-239628/frontend_react_js/src/App.js", "pattern": "/^function randBetween(rng, min, max) {$/", "language": "JavaScript", "kind": "function", "signature": "(rng, min, max)"}, {"_type": "tag", "name": "rank", "path": "/home/kavia/workspace/code-generation/stock-market-insights-platform-239616-239628/frontend_react_js/src/App.js", "pattern": "/^    rank: \"\u2014\",$/", "language": "JavaScript", "kind": "property", "scope": "generateMockResults.intcRow", "scopeKind": "class"}, {"_type": "tag", "name": "requireHistoryPoints", "path": "/home/kavia/workspace/code-generation/stock-market-insights-platform-239616-239628/frontend_react_js/src/App.js", "pattern": "/^function requireHistoryPoints(history, requiredCount, label) {$/", "language": "JavaScript", "kind": "function", "signature": "(history, requiredCount, label)"}, {"_type": "tag", "name": "results", "path": "/home/kavia/workspace/code-generation/stock-market-insights-platform-239616-239628/frontend_react_js/src/App.js", "pattern": "/^        results: [$/", "language": "JavaScript", "kind": "property", "scope": "App.payload", "scopeKind": "class"}, {"_type": "tag", "name": "ret12m", "path": "/home/kavia/workspace/code-generation/stock-market-insights-platform-239616-239628/frontend_react_js/src/App.js", "pattern": "/^    ret12m: drawReturnPct(rng2, \"12m\"),$/", "language": "JavaScript", "kind": "property", "scope": "generateMockResults.intcRow", "scopeKind": "class"}, {"_type": "tag", "name": "ret3m", "path": "/home/kavia/workspace/code-generation/stock-market-insights-platform-239616-239628/frontend_react_js/src/App.js", "pattern": "/^    ret3m: drawReturnPct(rng2, \"3m\"),$/", "language": "JavaScript", "kind": "property", "scope": "generateMockResults.intcRow", "scopeKind": "class"}, {"_type": "tag", "name": "ret6m", "path": "/home/kavia/workspace/code-generation/stock-market-insights-platform-239616-239628/frontend_react_js/src/App.js", "pattern": "/^    ret6m: drawReturnPct(rng2, \"6m\"),$/", "language": "JavaScript", "kind": "property", "scope": "generateMockResults.intcRow", "scopeKind": "class"}, {"_type": "tag", "name": "round2", "path": "/home/kavia/workspace/code-generation/stock-market-insights-platform-239616-239628/frontend_react_js/src/App.js", "pattern": "/^function round2(n) {$/", "language": "JavaScript", "kind": "function", "signature": "(n)"}, {"_type": "tag", "name": "sector", "path": "/home/kavia/workspace/code-generation/stock-market-insights-platform-239616-239628/frontend_react_js/src/App.js", "pattern": "/^    sector: intcSector,$/", "language": "JavaScript", "kind": "property", "scope": "generateMockResults.intcRow", "scopeKind": "class"}, {"_type": "tag", "name": "sector_warning", "path": "/home/kavia/workspace/code-generation/stock-market-insights-platform-239616-239628/frontend_react_js/src/App.js", "pattern": "/^        sector_warning: false,$/", "language": "JavaScript", "kind": "property", "scope": "App.payload", "scopeKind": "class"}, {"_type": "tag", "name": "ticker", "path": "/home/kavia/workspace/code-generation/stock-market-insights-platform-239616-239628/frontend_react_js/src/App.js", "pattern": "/^    ticker: \"INTC\",$/", "language": "JavaScript", "kind": "property", "scope": "generateMockResults.intcRow", "scopeKind": "class"}, {"_type": "tag", "name": "toggleTheme", "path": "/home/kavia/workspace/code-generation/stock-market-insights-platform-239616-239628/frontend_react_js/src/App.js", "pattern": "/^            onClick={toggleTheme}$/", "language": "JavaScript", "kind": "field", "scope": "App.onClick", "scopeKind": "class"}, {"_type": "tag", "name": "trade_header", "path": "/home/kavia/workspace/code-generation/stock-market-insights-platform-239616-239628/frontend_react_js/src/App.js", "pattern": "/^        trade_header: \"NO TRADE\",$/", "language": "JavaScript", "kind": "property", "scope": "App.payload", "scopeKind": "class"}, {"_type": "tag", "name": "zToUnit", "path": "/home/kavia/workspace/code-generation/stock-market-insights-platform-239616-239628/frontend_react_js/src/App.js", "pattern": "/^function zToUnit(z) {$/", "language": "JavaScript", "kind": "function", "signature": "(z)"}], "hash": "ff6dc722e74921f0a9cfb6de8a48a459", "format-version": 4, "code-base-name": "frontend_react_js", "filename": "frontend_react_js/src/App.js", "fields": [{"name": "aria-label={`Switch to ${theme === \"light\" ? \"dark\" : \"light\"} mode`}", "scope": "App.aria", "scopeKind": "class", "description": "unavailable"}, {"name": "avg_top10_predicted_growth_pct: 0,", "scope": "App.payload.metrics", "scopeKind": "class", "description": "unavailable"}, {"name": "companyName: \"Intel Corporation\",", "scope": "generateMockResults.intcRow", "scopeKind": "class", "description": "unavailable"}, {"name": "currentPrice: intcCurrentPrice,", "scope": "generateMockResults.intcRow", "scopeKind": "class", "description": "unavailable"}, {"name": "current_date: new Date().toISOString().slice(0, 10),", "scope": "App.payload", "scopeKind": "class", "description": "unavailable"}, {"name": "value={dataMode}", "scope": "App.value", "scopeKind": "class", "description": "unavailable"}, {"name": "data_mode: \"LIVE\",", "scope": "App.payload", "scopeKind": "class", "description": "unavailable"}, {"name": "dispersion_top10_pct: 0,", "scope": "App.payload.metrics", "scopeKind": "class", "description": "unavailable"}, {"name": "max_sector_count_top10: 0,", "scope": "App.payload.metrics", "scopeKind": "class", "description": "unavailable"}, {"name": "model_version: \"Stock Check v1.2\",", "scope": "App.payload", "scopeKind": "class", "description": "unavailable"}, {"name": "predicted1dGrowthPct: intcPredGrowth,", "scope": "generateMockResults.intcRow", "scopeKind": "class", "description": "unavailable"}, {"name": "predictedPrice: intcPredPrice,", "scope": "generateMockResults.intcRow", "scopeKind": "class", "description": "unavailable"}, {"name": "prediction_date: new Date(Date.now() + 24 * 60 * 60 * 1000).toISOString().slice(0, 10),", "scope": "App.payload", "scopeKind": "class", "description": "unavailable"}, {"name": "rank: \"\u2014\",", "scope": "generateMockResults.intcRow", "scopeKind": "class", "description": "unavailable"}, {"name": "results: [", "scope": "App.payload", "scopeKind": "class", "description": "unavailable"}, {"name": "ret12m: drawReturnPct(rng2, \"12m\"),", "scope": "generateMockResults.intcRow", "scopeKind": "class", "description": "unavailable"}, {"name": "ret3m: drawReturnPct(rng2, \"3m\"),", "scope": "generateMockResults.intcRow", "scopeKind": "class", "description": "unavailable"}, {"name": "ret6m: drawReturnPct(rng2, \"6m\"),", "scope": "generateMockResults.intcRow", "scopeKind": "class", "description": "unavailable"}, {"name": "sector: intcSector,", "scope": "generateMockResults.intcRow", "scopeKind": "class", "description": "unavailable"}, {"name": "sector_warning: false,", "scope": "App.payload", "scopeKind": "class", "description": "unavailable"}, {"name": "ticker: \"INTC\",", "scope": "generateMockResults.intcRow", "scopeKind": "class", "description": "unavailable"}, {"name": "onClick={toggleTheme}", "scope": "App.onClick", "scopeKind": "class", "description": "unavailable"}, {"name": "trade_header: \"NO TRADE\",", "scope": "App.payload", "scopeKind": "class", "description": "unavailable"}]}