{"is_source_file": false, "format": "", "description": "", "external_files": [], "external_methods": [], "published": [], "classes": [], "methods": [], "calls": [], "search-terms": [], "state": 2, "file_id": 5, "knowledge_revision": 19, "git_revision": "a8cb1fad19f12549799b468c7fc7bb2c61ead77e", "hash": "d001d53c059625c4bcf75bf5a7f3fcf0", "format-version": 4, "code-base-name": "frontend_react_js", "filename": "frontend_react_js/package.json", "revision_history": [{"19": "a8cb1fad19f12549799b468c7fc7bb2c61ead77e"}]}