{"is_source_file": false, "format": "", "description": "", "external_files": [], "external_methods": [], "published": [], "classes": [], "methods": [], "calls": [], "search-terms": [], "state": 2, "file_id": 2, "knowledge_revision": 17, "git_revision": "a8cb1fad19f12549799b468c7fc7bb2c61ead77e", "hash": "d9d975cebe2ec20b6c652e1e4c12ccf0", "format-version": 4, "code-base-name": "frontend_react_js", "filename": "frontend_react_js/public/manifest.json", "revision_history": [{"17": "a8cb1fad19f12549799b468c7fc7bb2c61ead77e"}]}