{"is_source_file": false, "format": "", "description": "", "external_files": [], "external_methods": [], "published": [], "classes": [], "methods": [], "calls": [], "search-terms": [], "state": 2, "file_id": 3, "knowledge_revision": 18, "git_revision": "a8cb1fad19f12549799b468c7fc7bb2c61ead77e", "hash": "d2b40d02d5f7873d8a6713bad837edd4", "format-version": 4, "code-base-name": "frontend_react_js", "filename": "frontend_react_js/public/index.html", "revision_history": [{"18": "a8cb1fad19f12549799b468c7fc7bb2c61ead77e"}]}