{"is_source_file": true, "file_id": 14, "git_revision": "", "state": 1, "description": "", "external_files": [], "external_methods": [], "published": [], "classes": [], "methods": [], "calls": [], "search-terms": [], "ctags": [{"_type": "tag", "name": "ALPHA_VANTAGE_BASE_URL", "path": "/home/kavia/workspace/code-generation/stock-market-insights-platform-239616-239628/frontend_react_js/src/marketData/alphaVantage.js", "pattern": "/^const ALPHA_VANTAGE_BASE_URL = \"https:\\/\\/www.alphavantage.co\\/query\";$/", "language": "JavaScript", "kind": "constant"}, {"_type": "tag", "name": "LiveDataError", "path": "/home/kavia/workspace/code-generation/stock-market-insights-platform-239616-239628/frontend_react_js/src/marketData/alphaVantage.js", "pattern": "/^export class LiveDataError extends Error {$/", "language": "JavaScript", "kind": "class"}, {"_type": "tag", "name": "constructor", "path": "/home/kavia/workspace/code-generation/stock-market-insights-platform-239616-239628/frontend_react_js/src/marketData/alphaVantage.js", "pattern": "/^  constructor(message, meta = {}) {$/", "language": "JavaScript", "kind": "method", "signature": "(message, meta = {})", "scope": "LiveDataError", "scopeKind": "class"}, {"_type": "tag", "name": "extractDailyHistoryStrict", "path": "/home/kavia/workspace/code-generation/stock-market-insights-platform-239616-239628/frontend_react_js/src/marketData/alphaVantage.js", "pattern": "/^function extractDailyHistoryStrict(json, { operation, symbol, limit }) {$/", "language": "JavaScript", "kind": "function", "signature": "(json, { operation, symbol, limit })"}, {"_type": "tag", "name": "extractLatestDailyAdjustedCloseStrict", "path": "/home/kavia/workspace/code-generation/stock-market-insights-platform-239616-239628/frontend_react_js/src/marketData/alphaVantage.js", "pattern": "/^function extractLatestDailyAdjustedCloseStrict(json, { operation, symbol }) {$/", "language": "JavaScript", "kind": "function", "signature": "(json, { operation, symbol })"}, {"_type": "tag", "name": "fetchCurrentPriceAlphaVantage", "path": "/home/kavia/workspace/code-generation/stock-market-insights-platform-239616-239628/frontend_react_js/src/marketData/alphaVantage.js", "pattern": "/^export async function fetchCurrentPriceAlphaVantage(symbol) {$/", "language": "JavaScript", "kind": "function", "signature": "(symbol)"}, {"_type": "tag", "name": "fetchDailyHistoryAlphaVantage", "path": "/home/kavia/workspace/code-generation/stock-market-insights-platform-239616-239628/frontend_react_js/src/marketData/alphaVantage.js", "pattern": "/^export async function fetchDailyHistoryAlphaVantage(symbol, limit = 260) {$/", "language": "JavaScript", "kind": "function", "signature": "(symbol, limit = 260)"}, {"_type": "tag", "name": "fetchJsonStrict", "path": "/home/kavia/workspace/code-generation/stock-market-insights-platform-239616-239628/frontend_react_js/src/marketData/alphaVantage.js", "pattern": "/^async function fetchJsonStrict(url, { operation, symbol }) {$/", "language": "JavaScript", "kind": "function", "signature": "(url, { operation, symbol })"}, {"_type": "tag", "name": "isFiniteNumber", "path": "/home/kavia/workspace/code-generation/stock-market-insights-platform-239616-239628/frontend_react_js/src/marketData/alphaVantage.js", "pattern": "/^function isFiniteNumber(n) {$/", "language": "JavaScript", "kind": "function", "signature": "(n)"}, {"_type": "tag", "name": "logLiveCall", "path": "/home/kavia/workspace/code-generation/stock-market-insights-platform-239616-239628/frontend_react_js/src/marketData/alphaVantage.js", "pattern": "/^function logLiveCall({ operation, symbol, url }) {$/", "language": "JavaScript", "kind": "function", "signature": "({ operation, symbol, url })"}, {"_type": "tag", "name": "nowIso", "path": "/home/kavia/workspace/code-generation/stock-market-insights-platform-239616-239628/frontend_react_js/src/marketData/alphaVantage.js", "pattern": "/^function nowIso() {$/", "language": "JavaScript", "kind": "function", "signature": "()"}, {"_type": "tag", "name": "parseAlphaVantageErrorPayload", "path": "/home/kavia/workspace/code-generation/stock-market-insights-platform-239616-239628/frontend_react_js/src/marketData/alphaVantage.js", "pattern": "/^function parseAlphaVantageErrorPayload(json) {$/", "language": "JavaScript", "kind": "function", "signature": "(json)"}, {"_type": "tag", "name": "requireEnv", "path": "/home/kavia/workspace/code-generation/stock-market-insights-platform-239616-239628/frontend_react_js/src/marketData/alphaVantage.js", "pattern": "/^function requireEnv(name) {$/", "language": "JavaScript", "kind": "function", "signature": "(name)"}, {"_type": "tag", "name": "toMoneyNumberStrict", "path": "/home/kavia/workspace/code-generation/stock-market-insights-platform-239616-239628/frontend_react_js/src/marketData/alphaVantage.js", "pattern": "/^function toMoneyNumberStrict(value, { fieldName, operation, symbol }) {$/", "language": "JavaScript", "kind": "function", "signature": "(value, { fieldName, operation, symbol })"}], "format": "JavaScript", "hash": "340dc368660244037fdd23efec944f49", "format-version": 4, "code-base-name": "frontend_react_js", "filename": "frontend_react_js/src/marketData/alphaVantage.js", "knowledge_revision": 32}