{"is_source_file": true, "format": "JavaScript (React.js / JSX)", "description": "This file is a React frontend application for the Stock Check platform implementing a 43-Factor Model with both MOCK and LIVE modes. It manages UI components, handles user inputs, fetches data from external market data sources, and generates mock stock data for testing purposes.", "external_files": ["./marketData/alphaVantage", "./App.css"], "external_methods": ["fetchCurrentPriceAlphaVantage", "fetchDailyHistoryAlphaVantage", "LiveDataError"], "published": ["App"], "classes": [], "methods": [{"name": "runModel", "description": "Main function triggered to run the stock analysis, either in MOCK or LIVE mode, fetching data, computing returns, and setting output state."}, {"name": "generateMockResults({ seed, universeSize })", "description": "Generates deterministic mock stock data universe based on seed, including rankings, predicted prices, and key metrics.", "scope": "", "scopeKind": ""}, {"name": "computeTrailingReturnPctFromDailyCloses(history, tradingDays)", "description": "Calculates percentage returns over specified trading days from historical close data.", "scope": "", "scopeKind": ""}, {"name": "App()", "scope": "", "scopeKind": "", "description": "unavailable"}, {"name": "clamp(n, min, max)", "scope": "", "scopeKind": "", "description": "unavailable"}, {"name": "computePredicted1DayGrowthPct(rng)", "scope": "", "scopeKind": "", "description": "unavailable"}, {"name": "drawReturnPct(rng, horizon)", "scope": "", "scopeKind": "", "description": "unavailable"}, {"name": "formatMoney(n)", "scope": "", "scopeKind": "", "description": "unavailable"}, {"name": "formatPct(n)", "scope": "", "scopeKind": "", "description": "unavailable"}, {"name": "makeTickerFromIndex(i)", "scope": "", "scopeKind": "", "description": "unavailable"}, {"name": "mulberry32(seed)", "scope": "", "scopeKind": "", "description": "unavailable"}, {"name": "next()", "scope": "mulberry32", "scopeKind": "function", "description": "unavailable"}, {"name": "pctChange(from, to)", "scope": "", "scopeKind": "", "description": "unavailable"}, {"name": "pick(rng, arr)", "scope": "", "scopeKind": "", "description": "unavailable"}, {"name": "randBetween(rng, min, max)", "scope": "", "scopeKind": "", "description": "unavailable"}, {"name": "requireHistoryPoints(history, requiredCount, label)", "scope": "", "scopeKind": "", "description": "unavailable"}, {"name": "round2(n)", "scope": "", "scopeKind": "", "description": "unavailable"}, {"name": "zToUnit(z)", "scope": "", "scopeKind": "", "description": "unavailable"}], "calls": ["fetchCurrentPriceAlphaVantage", "fetchDailyHistoryAlphaVantage", "computeTrailingReturnPctFromDailyCloses", "generateMockResults", "setOutput", "setRunState"], "search-terms": ["React", "Stock Check", "43-Factor Model", "MOCK mode", "alphaVantage", "App.js", "useEffect", "useState", "useMemo", "generateMockResults", "fetchCurrentPriceAlphaVantage", "fetchDailyHistoryAlphaVantage"], "state": 3, "file_id": 8, "knowledge_revision": 33, "git_revision": "cbd028301669f3c9bda6f06ceb22153e06e00098", "revision_history": [{"25": "a8cb1fad19f12549799b468c7fc7bb2c61ead77e"}, {"33": "cbd028301669f3c9bda6f06ceb22153e06e00098"}], "ctags": [{"_type": "tag", "name": "App", "path": "/home/kavia/workspace/code-generation/stock-market-insights-platform-239616-239628/frontend_react_js/src/App.js", "pattern": "/^function App() {$/", "language": "JavaScript", "kind": "function", "signature": "()"}, {"_type": "tag", "name": "CANONICAL_COLUMNS", "path": "/home/kavia/workspace/code-generation/stock-market-insights-platform-239616-239628/frontend_react_js/src/App.js", "pattern": "/^const CANONICAL_COLUMNS = [$/", "language": "JavaScript", "kind": "constant"}, {"_type": "tag", "name": "FACTORS", "path": "/home/kavia/workspace/code-generation/stock-market-insights-platform-239616-239628/frontend_react_js/src/App.js", "pattern": "/^const FACTORS = [$/", "language": "JavaScript", "kind": "constant"}, {"_type": "tag", "name": "SECTORS", "path": "/home/kavia/workspace/code-generation/stock-market-insights-platform-239616-239628/frontend_react_js/src/App.js", "pattern": "/^const SECTORS = [$/", "language": "JavaScript", "kind": "constant"}, {"_type": "tag", "name": "Switch to ${theme === \"light\" ? \"dark\" : \"light\"} mode", "path": "/home/kavia/workspace/code-generation/stock-market-insights-platform-239616-239628/frontend_react_js/src/App.js", "pattern": "/^            aria-label={`Switch to ${theme === \"light\" ? \"dark\" : \"light\"} mode`}$/", "language": "JavaScript", "kind": "field", "scope": "App.aria", "scopeKind": "class"}, {"_type": "tag", "name": "avg_top10_predicted_growth_pct", "path": "/home/kavia/workspace/code-generation/stock-market-insights-platform-239616-239628/frontend_react_js/src/App.js", "pattern": "/^          avg_top10_predicted_growth_pct: 0,$/", "language": "JavaScript", "kind": "property", "scope": "App.payload.metrics", "scopeKind": "class"}, {"_type": "tag", "name": "clamp", "path": "/home/kavia/workspace/code-generation/stock-market-insights-platform-239616-239628/frontend_react_js/src/App.js", "pattern": "/^function clamp(n, min, max) {$/", "language": "JavaScript", "kind": "function", "signature": "(n, min, max)"}, {"_type": "tag", "name": "companyName", "path": "/home/kavia/workspace/code-generation/stock-market-insights-platform-239616-239628/frontend_react_js/src/App.js", "pattern": "/^    companyName: \"Intel Corporation\",$/", "language": "JavaScript", "kind": "property", "scope": "generateMockResults.intcRow", "scopeKind": "class"}, {"_type": "tag", "name": "computePredicted1DayGrowthPct", "path": "/home/kavia/workspace/code-generation/stock-market-insights-platform-239616-239628/frontend_react_js/src/App.js", "pattern": "/^function computePredicted1DayGrowthPct(rng) {$/", "language": "JavaScript", "kind": "function", "signature": "(rng)"}, {"_type": "tag", "name": "computeTrailingReturnPctFromDailyCloses", "path": "/home/kavia/workspace/code-generation/stock-market-insights-platform-239616-239628/frontend_react_js/src/App.js", "pattern": "/^function computeTrailingReturnPctFromDailyCloses(history, tradingDays) {$/", "language": "JavaScript", "kind": "function", "signature": "(history, tradingDays)"}, {"_type": "tag", "name": "currentPrice", "path": "/home/kavia/workspace/code-generation/stock-market-insights-platform-239616-239628/frontend_react_js/src/App.js", "pattern": "/^    currentPrice: intcCurrentPrice,$/", "language": "JavaScript", "kind": "property", "scope": "generateMockResults.intcRow", "scopeKind": "class"}, {"_type": "tag", "name": "current_date", "path": "/home/kavia/workspace/code-generation/stock-market-insights-platform-239616-239628/frontend_react_js/src/App.js", "pattern": "/^        current_date: new Date().toISOString().slice(0, 10),$/", "language": "JavaScript", "kind": "property", "scope": "App.payload", "scopeKind": "class"}, {"_type": "tag", "name": "dataMode", "path": "/home/kavia/workspace/code-generation/stock-market-insights-platform-239616-239628/frontend_react_js/src/App.js", "pattern": "/^                  value={dataMode}$/", "language": "JavaScript", "kind": "field", "scope": "App.value", "scopeKind": "class"}, {"_type": "tag", "name": "data_mode", "path": "/home/kavia/workspace/code-generation/stock-market-insights-platform-239616-239628/frontend_react_js/src/App.js", "pattern": "/^        data_mode: \"LIVE\",$/", "language": "JavaScript", "kind": "property", "scope": "App.payload", "scopeKind": "class"}, {"_type": "tag", "name": "dispersion_top10_pct", "path": "/home/kavia/workspace/code-generation/stock-market-insights-platform-239616-239628/frontend_react_js/src/App.js", "pattern": "/^          dispersion_top10_pct: 0,$/", "language": "JavaScript", "kind": "property", "scope": "App.payload.metrics", "scopeKind": "class"}, {"_type": "tag", "name": "drawReturnPct", "path": "/home/kavia/workspace/code-generation/stock-market-insights-platform-239616-239628/frontend_react_js/src/App.js", "pattern": "/^function drawReturnPct(rng, horizon) {$/", "language": "JavaScript", "kind": "function", "signature": "(rng, horizon)"}, {"_type": "tag", "name": "formatMoney", "path": "/home/kavia/workspace/code-generation/stock-market-insights-platform-239616-239628/frontend_react_js/src/App.js", "pattern": "/^function formatMoney(n) {$/", "language": "JavaScript", "kind": "function", "signature": "(n)"}, {"_type": "tag", "name": "formatPct", "path": "/home/kavia/workspace/code-generation/stock-market-insights-platform-239616-239628/frontend_react_js/src/App.js", "pattern": "/^function formatPct(n) {$/", "language": "JavaScript", "kind": "function", "signature": "(n)"}, {"_type": "tag", "name": "generateMockResults", "path": "/home/kavia/workspace/code-generation/stock-market-insights-platform-239616-239628/frontend_react_js/src/App.js", "pattern": "/^function generateMockResults({ seed, universeSize }) {$/", "language": "JavaScript", "kind": "function", "signature": "({ seed, universeSize })"}, {"_type": "tag", "name": "intcRow", "path": "/home/kavia/workspace/code-generation/stock-market-insights-platform-239616-239628/frontend_react_js/src/App.js", "pattern": "/^  const intcRow = {$/", "language": "JavaScript", "kind": "class", "scope": "generateMockResults", "scopeKind": "class"}, {"_type": "tag", "name": "makeTickerFromIndex", "path": "/home/kavia/workspace/code-generation/stock-market-insights-platform-239616-239628/frontend_react_js/src/App.js", "pattern": "/^function makeTickerFromIndex(i) {$/", "language": "JavaScript", "kind": "function", "signature": "(i)"}, {"_type": "tag", "name": "max_sector_count_top10", "path": "/home/kavia/workspace/code-generation/stock-market-insights-platform-239616-239628/frontend_react_js/src/App.js", "pattern": "/^          max_sector_count_top10: 0,$/", "language": "JavaScript", "kind": "property", "scope": "App.payload.metrics", "scopeKind": "class"}, {"_type": "tag", "name": "metrics", "path": "/home/kavia/workspace/code-generation/stock-market-insights-platform-239616-239628/frontend_react_js/src/App.js", "pattern": "/^        metrics: {$/", "language": "JavaScript", "kind": "class", "scope": "App.payload", "scopeKind": "class"}, {"_type": "tag", "name": "model_version", "path": "/home/kavia/workspace/code-generation/stock-market-insights-platform-239616-239628/frontend_react_js/src/App.js", "pattern": "/^        model_version: \"Stock Check v1.2\",$/", "language": "JavaScript", "kind": "property", "scope": "App.payload", "scopeKind": "class"}, {"_type": "tag", "name": "mulberry32", "path": "/home/kavia/workspace/code-generation/stock-market-insights-platform-239616-239628/frontend_react_js/src/App.js", "pattern": "/^function mulberry32(seed) {$/", "language": "JavaScript", "kind": "function", "signature": "(seed)"}, {"_type": "tag", "name": "next", "path": "/home/kavia/workspace/code-generation/stock-market-insights-platform-239616-239628/frontend_react_js/src/App.js", "pattern": "/^  return function next() {$/", "language": "JavaScript", "kind": "function", "signature": "()", "scope": "mulberry32", "scopeKind": "function"}, {"_type": "tag", "name": "payload", "path": "/home/kavia/workspace/code-generation/stock-market-insights-platform-239616-239628/frontend_react_js/src/App.js", "pattern": "/^      const payload = {$/", "language": "JavaScript", "kind": "class", "scope": "App", "scopeKind": "class"}, {"_type": "tag", "name": "pctChange", "path": "/home/kavia/workspace/code-generation/stock-market-insights-platform-239616-239628/frontend_react_js/src/App.js", "pattern": "/^function pctChange(from, to) {$/", "language": "JavaScript", "kind": "function", "signature": "(from, to)"}, {"_type": "tag", "name": "pick", "path": "/home/kavia/workspace/code-generation/stock-market-insights-platform-239616-239628/frontend_react_js/src/App.js", "pattern": "/^function pick(rng, arr) {$/", "language": "JavaScript", "kind": "function", "signature": "(rng, arr)"}, {"_type": "tag", "name": "predicted1dGrowthPct", "path": "/home/kavia/workspace/code-generation/stock-market-insights-platform-239616-239628/frontend_react_js/src/App.js", "pattern": "/^    predicted1dGrowthPct: intcPredGrowth,$/", "language": "JavaScript", "kind": "property", "scope": "generateMockResults.intcRow", "scopeKind": "class"}, {"_type": "tag", "name": "predictedPrice", "path": "/home/kavia/workspace/code-generation/stock-market-insights-platform-239616-239628/frontend_react_js/src/App.js", "pattern": "/^    predictedPrice: intcPredPrice,$/", "language": "JavaScript", "kind": "property", "scope": "generateMockResults.intcRow", "scopeKind": "class"}, {"_type": "tag", "name": "prediction_date", "path": "/home/kavia/workspace/code-generation/stock-market-insights-platform-239616-239628/frontend_react_js/src/App.js", "pattern": "/^        prediction_date: new Date(Date.now() + 24 * 60 * 60 * 1000).toISOString().slice(0, 10),$/", "language": "JavaScript", "kind": "property", "scope": "App.payload", "scopeKind": "class"}, {"_type": "tag", "name": "randBetween", "path": "/home/kavia/workspace/code-generation/stock-market-insights-platform-239616-239628/frontend_react_js/src/App.js", "pattern": "/^function randBetween(rng, min, max) {$/", "language": "JavaScript", "kind": "function", "signature": "(rng, min, max)"}, {"_type": "tag", "name": "rank", "path": "/home/kavia/workspace/code-generation/stock-market-insights-platform-239616-239628/frontend_react_js/src/App.js", "pattern": "/^    rank: \"\u2014\",$/", "language": "JavaScript", "kind": "property", "scope": "generateMockResults.intcRow", "scopeKind": "class"}, {"_type": "tag", "name": "requireHistoryPoints", "path": "/home/kavia/workspace/code-generation/stock-market-insights-platform-239616-239628/frontend_react_js/src/App.js", "pattern": "/^function requireHistoryPoints(history, requiredCount, label) {$/", "language": "JavaScript", "kind": "function", "signature": "(history, requiredCount, label)"}, {"_type": "tag", "name": "results", "path": "/home/kavia/workspace/code-generation/stock-market-insights-platform-239616-239628/frontend_react_js/src/App.js", "pattern": "/^        results: [$/", "language": "JavaScript", "kind": "property", "scope": "App.payload", "scopeKind": "class"}, {"_type": "tag", "name": "ret12m", "path": "/home/kavia/workspace/code-generation/stock-market-insights-platform-239616-239628/frontend_react_js/src/App.js", "pattern": "/^    ret12m: drawReturnPct(rng2, \"12m\"),$/", "language": "JavaScript", "kind": "property", "scope": "generateMockResults.intcRow", "scopeKind": "class"}, {"_type": "tag", "name": "ret3m", "path": "/home/kavia/workspace/code-generation/stock-market-insights-platform-239616-239628/frontend_react_js/src/App.js", "pattern": "/^    ret3m: drawReturnPct(rng2, \"3m\"),$/", "language": "JavaScript", "kind": "property", "scope": "generateMockResults.intcRow", "scopeKind": "class"}, {"_type": "tag", "name": "ret6m", "path": "/home/kavia/workspace/code-generation/stock-market-insights-platform-239616-239628/frontend_react_js/src/App.js", "pattern": "/^    ret6m: drawReturnPct(rng2, \"6m\"),$/", "language": "JavaScript", "kind": "property", "scope": "generateMockResults.intcRow", "scopeKind": "class"}, {"_type": "tag", "name": "round2", "path": "/home/kavia/workspace/code-generation/stock-market-insights-platform-239616-239628/frontend_react_js/src/App.js", "pattern": "/^function round2(n) {$/", "language": "JavaScript", "kind": "function", "signature": "(n)"}, {"_type": "tag", "name": "sector", "path": "/home/kavia/workspace/code-generation/stock-market-insights-platform-239616-239628/frontend_react_js/src/App.js", "pattern": "/^    sector: intcSector,$/", "language": "JavaScript", "kind": "property", "scope": "generateMockResults.intcRow", "scopeKind": "class"}, {"_type": "tag", "name": "sector_warning", "path": "/home/kavia/workspace/code-generation/stock-market-insights-platform-239616-239628/frontend_react_js/src/App.js", "pattern": "/^        sector_warning: false,$/", "language": "JavaScript", "kind": "property", "scope": "App.payload", "scopeKind": "class"}, {"_type": "tag", "name": "ticker", "path": "/home/kavia/workspace/code-generation/stock-market-insights-platform-239616-239628/frontend_react_js/src/App.js", "pattern": "/^    ticker: \"INTC\",$/", "language": "JavaScript", "kind": "property", "scope": "generateMockResults.intcRow", "scopeKind": "class"}, {"_type": "tag", "name": "toggleTheme", "path": "/home/kavia/workspace/code-generation/stock-market-insights-platform-239616-239628/frontend_react_js/src/App.js", "pattern": "/^            onClick={toggleTheme}$/", "language": "JavaScript", "kind": "field", "scope": "App.onClick", "scopeKind": "class"}, {"_type": "tag", "name": "trade_header", "path": "/home/kavia/workspace/code-generation/stock-market-insights-platform-239616-239628/frontend_react_js/src/App.js", "pattern": "/^        trade_header: \"NO TRADE\",$/", "language": "JavaScript", "kind": "property", "scope": "App.payload", "scopeKind": "class"}, {"_type": "tag", "name": "zToUnit", "path": "/home/kavia/workspace/code-generation/stock-market-insights-platform-239616-239628/frontend_react_js/src/App.js", "pattern": "/^function zToUnit(z) {$/", "language": "JavaScript", "kind": "function", "signature": "(z)"}], "hash": "496a14ef37d645da07c7da68f44ca1bd", "format-version": 4, "code-base-name": "frontend_react_js", "filename": "frontend_react_js/src/App.js", "fields": [{"name": "aria-label={`Switch to ${theme === \"light\" ? \"dark\" : \"light\"} mode`}", "scope": "App.aria", "scopeKind": "class", "description": "unavailable"}, {"name": "avg_top10_predicted_growth_pct: 0,", "scope": "App.payload.metrics", "scopeKind": "class", "description": "unavailable"}, {"name": "companyName: \"Intel Corporation\",", "scope": "generateMockResults.intcRow", "scopeKind": "class", "description": "unavailable"}, {"name": "currentPrice: intcCurrentPrice,", "scope": "generateMockResults.intcRow", "scopeKind": "class", "description": "unavailable"}, {"name": "current_date: new Date().toISOString().slice(0, 10),", "scope": "App.payload", "scopeKind": "class", "description": "unavailable"}, {"name": "value={dataMode}", "scope": "App.value", "scopeKind": "class", "description": "unavailable"}, {"name": "data_mode: \"LIVE\",", "scope": "App.payload", "scopeKind": "class", "description": "unavailable"}, {"name": "dispersion_top10_pct: 0,", "scope": "App.payload.metrics", "scopeKind": "class", "description": "unavailable"}, {"name": "max_sector_count_top10: 0,", "scope": "App.payload.metrics", "scopeKind": "class", "description": "unavailable"}, {"name": "model_version: \"Stock Check v1.2\",", "scope": "App.payload", "scopeKind": "class", "description": "unavailable"}, {"name": "predicted1dGrowthPct: intcPredGrowth,", "scope": "generateMockResults.intcRow", "scopeKind": "class", "description": "unavailable"}, {"name": "predictedPrice: intcPredPrice,", "scope": "generateMockResults.intcRow", "scopeKind": "class", "description": "unavailable"}, {"name": "prediction_date: new Date(Date.now() + 24 * 60 * 60 * 1000).toISOString().slice(0, 10),", "scope": "App.payload", "scopeKind": "class", "description": "unavailable"}, {"name": "rank: \"\u2014\",", "scope": "generateMockResults.intcRow", "scopeKind": "class", "description": "unavailable"}, {"name": "results: [", "scope": "App.payload", "scopeKind": "class", "description": "unavailable"}, {"name": "ret12m: drawReturnPct(rng2, \"12m\"),", "scope": "generateMockResults.intcRow", "scopeKind": "class", "description": "unavailable"}, {"name": "ret3m: drawReturnPct(rng2, \"3m\"),", "scope": "generateMockResults.intcRow", "scopeKind": "class", "description": "unavailable"}, {"name": "ret6m: drawReturnPct(rng2, \"6m\"),", "scope": "generateMockResults.intcRow", "scopeKind": "class", "description": "unavailable"}, {"name": "sector: intcSector,", "scope": "generateMockResults.intcRow", "scopeKind": "class", "description": "unavailable"}, {"name": "sector_warning: false,", "scope": "App.payload", "scopeKind": "class", "description": "unavailable"}, {"name": "ticker: \"INTC\",", "scope": "generateMockResults.intcRow", "scopeKind": "class", "description": "unavailable"}, {"name": "onClick={toggleTheme}", "scope": "App.onClick", "scopeKind": "class", "description": "unavailable"}, {"name": "trade_header: \"NO TRADE\",", "scope": "App.payload", "scopeKind": "class", "description": "unavailable"}]}