{"is_source_file": true, "format": "JavaScript (React.js)", "description": "This file is the main application source code for the front-end of a stock market insights platform implementing a 43-factor model. It defines factors, renders UI components for running mock or live data, and displays the ranked stock results with detailed information.", "external_files": ["./App.css"], "external_methods": ["useEffect", "useMemo", "useState"], "published": ["App"], "classes": [], "methods": [{"name": "toggleTheme", "description": "Toggles between light and dark themes."}, {"name": "runModel", "description": "Executes the stock ranking model, either generating mock data or (in the future) retrieving live data."}, {"name": "formatPct(n)", "description": "Formats a number as a percentage string with sign.", "scope": "", "scopeKind": ""}, {"name": "formatMoney(n)", "description": "Formats a number as a dollar amount.", "scope": "", "scopeKind": ""}, {"name": "App()", "scope": "", "scopeKind": "", "description": "unavailable"}, {"name": "clamp(n, min, max)", "scope": "", "scopeKind": "", "description": "unavailable"}, {"name": "computePredicted1DayGrowthPct(rng)", "scope": "", "scopeKind": "", "description": "unavailable"}, {"name": "drawReturnPct(rng, horizon)", "scope": "", "scopeKind": "", "description": "unavailable"}, {"name": "generateMockResults({ seed, universeSize })", "scope": "", "scopeKind": "", "description": "unavailable"}, {"name": "makeTickerFromIndex(i)", "scope": "", "scopeKind": "", "description": "unavailable"}, {"name": "mulberry32(seed)", "scope": "", "scopeKind": "", "description": "unavailable"}, {"name": "next()", "scope": "mulberry32", "scopeKind": "function", "description": "unavailable"}, {"name": "pick(rng, arr)", "scope": "", "scopeKind": "", "description": "unavailable"}, {"name": "randBetween(rng, min, max)", "scope": "", "scopeKind": "", "description": "unavailable"}, {"name": "round2(n)", "scope": "", "scopeKind": "", "description": "unavailable"}, {"name": "zToUnit(z)", "scope": "", "scopeKind": "", "description": "unavailable"}], "calls": ["generateMockResults", "setOutput", "setRunState", "document.documentElement.setAttribute", "mulberry32", "pick", "clamp", "Math.exp", "Math.log", "Math.max", "Math.min", "Date.now", "new Date", "toISOString", "setTheme", "setDataMode", "setMockSeed", "setMockUniverseSize"], "search-terms": ["43-Factor Model", "multiple factors", "Stock Check", "MOCK mode", "React App", "ranking engine", "generateMockResults", "App.js", "front-end", "App.css"], "state": 2, "file_id": 8, "knowledge_revision": 25, "git_revision": "a8cb1fad19f12549799b468c7fc7bb2c61ead77e", "ctags": [{"_type": "tag", "name": "App", "path": "/home/kavia/workspace/code-generation/stock-market-insights-platform-239616-239628/frontend_react_js/src/App.js", "pattern": "/^function App() {$/", "language": "JavaScript", "kind": "function", "signature": "()"}, {"_type": "tag", "name": "CANONICAL_COLUMNS", "path": "/home/kavia/workspace/code-generation/stock-market-insights-platform-239616-239628/frontend_react_js/src/App.js", "pattern": "/^const CANONICAL_COLUMNS = [$/", "language": "JavaScript", "kind": "constant"}, {"_type": "tag", "name": "FACTORS", "path": "/home/kavia/workspace/code-generation/stock-market-insights-platform-239616-239628/frontend_react_js/src/App.js", "pattern": "/^const FACTORS = [$/", "language": "JavaScript", "kind": "constant"}, {"_type": "tag", "name": "SECTORS", "path": "/home/kavia/workspace/code-generation/stock-market-insights-platform-239616-239628/frontend_react_js/src/App.js", "pattern": "/^const SECTORS = [$/", "language": "JavaScript", "kind": "constant"}, {"_type": "tag", "name": "Switch to ${theme === \"light\" ? \"dark\" : \"light\"} mode", "path": "/home/kavia/workspace/code-generation/stock-market-insights-platform-239616-239628/frontend_react_js/src/App.js", "pattern": "/^            aria-label={`Switch to ${theme === \"light\" ? \"dark\" : \"light\"} mode`}$/", "language": "JavaScript", "kind": "field", "scope": "App.aria", "scopeKind": "class"}, {"_type": "tag", "name": "clamp", "path": "/home/kavia/workspace/code-generation/stock-market-insights-platform-239616-239628/frontend_react_js/src/App.js", "pattern": "/^function clamp(n, min, max) {$/", "language": "JavaScript", "kind": "function", "signature": "(n, min, max)"}, {"_type": "tag", "name": "companyName", "path": "/home/kavia/workspace/code-generation/stock-market-insights-platform-239616-239628/frontend_react_js/src/App.js", "pattern": "/^    companyName: \"Intel Corporation\",$/", "language": "JavaScript", "kind": "property", "scope": "generateMockResults.intcRow", "scopeKind": "class"}, {"_type": "tag", "name": "computePredicted1DayGrowthPct", "path": "/home/kavia/workspace/code-generation/stock-market-insights-platform-239616-239628/frontend_react_js/src/App.js", "pattern": "/^function computePredicted1DayGrowthPct(rng) {$/", "language": "JavaScript", "kind": "function", "signature": "(rng)"}, {"_type": "tag", "name": "currentPrice", "path": "/home/kavia/workspace/code-generation/stock-market-insights-platform-239616-239628/frontend_react_js/src/App.js", "pattern": "/^    currentPrice: intcCurrentPrice,$/", "language": "JavaScript", "kind": "property", "scope": "generateMockResults.intcRow", "scopeKind": "class"}, {"_type": "tag", "name": "dataMode", "path": "/home/kavia/workspace/code-generation/stock-market-insights-platform-239616-239628/frontend_react_js/src/App.js", "pattern": "/^                  value={dataMode}$/", "language": "JavaScript", "kind": "field", "scope": "App.value", "scopeKind": "class"}, {"_type": "tag", "name": "drawReturnPct", "path": "/home/kavia/workspace/code-generation/stock-market-insights-platform-239616-239628/frontend_react_js/src/App.js", "pattern": "/^function drawReturnPct(rng, horizon) {$/", "language": "JavaScript", "kind": "function", "signature": "(rng, horizon)"}, {"_type": "tag", "name": "formatMoney", "path": "/home/kavia/workspace/code-generation/stock-market-insights-platform-239616-239628/frontend_react_js/src/App.js", "pattern": "/^function formatMoney(n) {$/", "language": "JavaScript", "kind": "function", "signature": "(n)"}, {"_type": "tag", "name": "formatPct", "path": "/home/kavia/workspace/code-generation/stock-market-insights-platform-239616-239628/frontend_react_js/src/App.js", "pattern": "/^function formatPct(n) {$/", "language": "JavaScript", "kind": "function", "signature": "(n)"}, {"_type": "tag", "name": "generateMockResults", "path": "/home/kavia/workspace/code-generation/stock-market-insights-platform-239616-239628/frontend_react_js/src/App.js", "pattern": "/^function generateMockResults({ seed, universeSize }) {$/", "language": "JavaScript", "kind": "function", "signature": "({ seed, universeSize })"}, {"_type": "tag", "name": "intcRow", "path": "/home/kavia/workspace/code-generation/stock-market-insights-platform-239616-239628/frontend_react_js/src/App.js", "pattern": "/^  const intcRow = {$/", "language": "JavaScript", "kind": "class", "scope": "generateMockResults", "scopeKind": "class"}, {"_type": "tag", "name": "makeTickerFromIndex", "path": "/home/kavia/workspace/code-generation/stock-market-insights-platform-239616-239628/frontend_react_js/src/App.js", "pattern": "/^function makeTickerFromIndex(i) {$/", "language": "JavaScript", "kind": "function", "signature": "(i)"}, {"_type": "tag", "name": "mulberry32", "path": "/home/kavia/workspace/code-generation/stock-market-insights-platform-239616-239628/frontend_react_js/src/App.js", "pattern": "/^function mulberry32(seed) {$/", "language": "JavaScript", "kind": "function", "signature": "(seed)"}, {"_type": "tag", "name": "next", "path": "/home/kavia/workspace/code-generation/stock-market-insights-platform-239616-239628/frontend_react_js/src/App.js", "pattern": "/^  return function next() {$/", "language": "JavaScript", "kind": "function", "signature": "()", "scope": "mulberry32", "scopeKind": "function"}, {"_type": "tag", "name": "pick", "path": "/home/kavia/workspace/code-generation/stock-market-insights-platform-239616-239628/frontend_react_js/src/App.js", "pattern": "/^function pick(rng, arr) {$/", "language": "JavaScript", "kind": "function", "signature": "(rng, arr)"}, {"_type": "tag", "name": "predicted1dGrowthPct", "path": "/home/kavia/workspace/code-generation/stock-market-insights-platform-239616-239628/frontend_react_js/src/App.js", "pattern": "/^    predicted1dGrowthPct: intcPredGrowth,$/", "language": "JavaScript", "kind": "property", "scope": "generateMockResults.intcRow", "scopeKind": "class"}, {"_type": "tag", "name": "predictedPrice", "path": "/home/kavia/workspace/code-generation/stock-market-insights-platform-239616-239628/frontend_react_js/src/App.js", "pattern": "/^    predictedPrice: intcPredPrice,$/", "language": "JavaScript", "kind": "property", "scope": "generateMockResults.intcRow", "scopeKind": "class"}, {"_type": "tag", "name": "randBetween", "path": "/home/kavia/workspace/code-generation/stock-market-insights-platform-239616-239628/frontend_react_js/src/App.js", "pattern": "/^function randBetween(rng, min, max) {$/", "language": "JavaScript", "kind": "function", "signature": "(rng, min, max)"}, {"_type": "tag", "name": "rank", "path": "/home/kavia/workspace/code-generation/stock-market-insights-platform-239616-239628/frontend_react_js/src/App.js", "pattern": "/^    rank: \"\u2014\",$/", "language": "JavaScript", "kind": "property", "scope": "generateMockResults.intcRow", "scopeKind": "class"}, {"_type": "tag", "name": "ret12m", "path": "/home/kavia/workspace/code-generation/stock-market-insights-platform-239616-239628/frontend_react_js/src/App.js", "pattern": "/^    ret12m: drawReturnPct(rng2, \"12m\"),$/", "language": "JavaScript", "kind": "property", "scope": "generateMockResults.intcRow", "scopeKind": "class"}, {"_type": "tag", "name": "ret3m", "path": "/home/kavia/workspace/code-generation/stock-market-insights-platform-239616-239628/frontend_react_js/src/App.js", "pattern": "/^    ret3m: drawReturnPct(rng2, \"3m\"),$/", "language": "JavaScript", "kind": "property", "scope": "generateMockResults.intcRow", "scopeKind": "class"}, {"_type": "tag", "name": "ret6m", "path": "/home/kavia/workspace/code-generation/stock-market-insights-platform-239616-239628/frontend_react_js/src/App.js", "pattern": "/^    ret6m: drawReturnPct(rng2, \"6m\"),$/", "language": "JavaScript", "kind": "property", "scope": "generateMockResults.intcRow", "scopeKind": "class"}, {"_type": "tag", "name": "round2", "path": "/home/kavia/workspace/code-generation/stock-market-insights-platform-239616-239628/frontend_react_js/src/App.js", "pattern": "/^function round2(n) {$/", "language": "JavaScript", "kind": "function", "signature": "(n)"}, {"_type": "tag", "name": "sector", "path": "/home/kavia/workspace/code-generation/stock-market-insights-platform-239616-239628/frontend_react_js/src/App.js", "pattern": "/^    sector: intcSector,$/", "language": "JavaScript", "kind": "property", "scope": "generateMockResults.intcRow", "scopeKind": "class"}, {"_type": "tag", "name": "ticker", "path": "/home/kavia/workspace/code-generation/stock-market-insights-platform-239616-239628/frontend_react_js/src/App.js", "pattern": "/^    ticker: \"INTC\",$/", "language": "JavaScript", "kind": "property", "scope": "generateMockResults.intcRow", "scopeKind": "class"}, {"_type": "tag", "name": "toggleTheme", "path": "/home/kavia/workspace/code-generation/stock-market-insights-platform-239616-239628/frontend_react_js/src/App.js", "pattern": "/^            onClick={toggleTheme}$/", "language": "JavaScript", "kind": "field", "scope": "App.onClick", "scopeKind": "class"}, {"_type": "tag", "name": "zToUnit", "path": "/home/kavia/workspace/code-generation/stock-market-insights-platform-239616-239628/frontend_react_js/src/App.js", "pattern": "/^function zToUnit(z) {$/", "language": "JavaScript", "kind": "function", "signature": "(z)"}], "hash": "43f9131ecea062a31f982d9bb6909afb", "format-version": 4, "code-base-name": "frontend_react_js", "filename": "frontend_react_js/src/App.js", "fields": [{"name": "aria-label={`Switch to ${theme === \"light\" ? \"dark\" : \"light\"} mode`}", "scope": "App.aria", "scopeKind": "class", "description": "unavailable"}, {"name": "companyName: \"Intel Corporation\",", "scope": "generateMockResults.intcRow", "scopeKind": "class", "description": "unavailable"}, {"name": "currentPrice: intcCurrentPrice,", "scope": "generateMockResults.intcRow", "scopeKind": "class", "description": "unavailable"}, {"name": "value={dataMode}", "scope": "App.value", "scopeKind": "class", "description": "unavailable"}, {"name": "predicted1dGrowthPct: intcPredGrowth,", "scope": "generateMockResults.intcRow", "scopeKind": "class", "description": "unavailable"}, {"name": "predictedPrice: intcPredPrice,", "scope": "generateMockResults.intcRow", "scopeKind": "class", "description": "unavailable"}, {"name": "rank: \"\u2014\",", "scope": "generateMockResults.intcRow", "scopeKind": "class", "description": "unavailable"}, {"name": "ret12m: drawReturnPct(rng2, \"12m\"),", "scope": "generateMockResults.intcRow", "scopeKind": "class", "description": "unavailable"}, {"name": "ret3m: drawReturnPct(rng2, \"3m\"),", "scope": "generateMockResults.intcRow", "scopeKind": "class", "description": "unavailable"}, {"name": "ret6m: drawReturnPct(rng2, \"6m\"),", "scope": "generateMockResults.intcRow", "scopeKind": "class", "description": "unavailable"}, {"name": "sector: intcSector,", "scope": "generateMockResults.intcRow", "scopeKind": "class", "description": "unavailable"}, {"name": "ticker: \"INTC\",", "scope": "generateMockResults.intcRow", "scopeKind": "class", "description": "unavailable"}, {"name": "onClick={toggleTheme}", "scope": "App.onClick", "scopeKind": "class", "description": "unavailable"}], "revision_history": [{"25": "a8cb1fad19f12549799b468c7fc7bb2c61ead77e"}]}