{"is_source_file": true, "format": "JavaScript (React JSX)", "description": "This is the entry point for a React application, initializing the app rendering within the DOM.", "external_files": ["react", "react-dom/client", "./index.css", "./App"], "external_methods": ["ReactDOM.createRoot", "ReactDOM.render"], "published": [], "classes": [], "methods": [{"name": "ReactDOM.createRoot", "description": "Creates a root for rendering React components into the DOM."}], "calls": ["ReactDOM.createRoot", "root.render", "React.StrictMode", "<App />"], "search-terms": ["React", "ReactDOM", "index.js", "entry point", "app rendering", "DOM initialization"], "state": 2, "file_id": 6, "knowledge_revision": 24, "git_revision": "a8cb1fad19f12549799b468c7fc7bb2c61ead77e", "ctags": [{"_type": "tag", "name": "root", "path": "/home/kavia/workspace/code-generation/stock-market-insights-platform-239616-239628/frontend_react_js/src/index.js", "pattern": "/^const root = ReactDOM.createRoot(document.getElementById('root'));$/", "language": "JavaScript", "kind": "constant"}], "hash": "9fc5841375336fc175b49f8767a11383", "format-version": 4, "code-base-name": "frontend_react_js", "filename": "frontend_react_js/src/index.js", "revision_history": [{"24": "a8cb1fad19f12549799b468c7fc7bb2c61ead77e"}]}