{"is_source_file": false, "format": "", "description": "", "external_files": [], "external_methods": [], "published": [], "classes": [], "methods": [], "calls": [], "search-terms": [], "state": 2, "file_id": 13, "knowledge_revision": 31, "git_revision": "69955b3f06a3e1dcfcd91a983e3aa775207436dc", "hash": "6b42d92370d538f361d42ed7bcfc0b8d", "format-version": 4, "code-base-name": "frontend_react_js", "filename": "frontend_react_js/docs/market-data-providers.md", "revision_history": [{"31": "69955b3f06a3e1dcfcd91a983e3aa775207436dc"}]}