{"is_source_file": false, "format": "", "description": "", "external_files": [], "external_methods": [], "published": [], "classes": [], "methods": [], "calls": [], "search-terms": [], "state": 2, "file_id": 4, "knowledge_revision": 14, "git_revision": "a8cb1fad19f12549799b468c7fc7bb2c61ead77e", "hash": "ebece526bc2eadd78ddd787a76c56607", "format-version": 4, "code-base-name": "frontend_react_js", "filename": "frontend_react_js/README.md", "revision_history": [{"14": "a8cb1fad19f12549799b468c7fc7bb2c61ead77e"}]}